{
  "editor.fontSize": 12,
  "files.autoSave": "on",
  "editor.tabSize": 3,
  "editor.wordWrap": "on",
  "terminal.integrated.fontSize": 12,
  "emmet.includeLanguages": {
    "javascript": "javascriptreact"
  },
  "editor.minimap.enabled": false,
  "prettier.jsxSingleQuote": true,
  "prettier.semi": false,
  "prettier.singleQuote": true,
  "javascript.updateImportsOnFileMove.enabled": "always",
  "editor.formatOnPaste": true,
  "editor.formatOnSave": true,
  "editor.defaultFormatter": "esbenp.prettier-vscode",
  "[javascript]": {
    "editor.defaultFormatter": "esbenp.prettier-vscode"
  },
  "editor.cursorBlinking": "expand",
  "window.zoomLevel": 1,
  "editor.suggestSelection": "first",
  "vsintellicode.modify.editor.suggestSelection": "automaticallyOverrodeDefaultValue",
  "files.exclude": {
    "**/.classpath": true,
    "**/.project": true,
    "**/.settings": true,
    "**/.factorypath": true
  },
  "bracketPairColorizer.depreciation-notice": false,
  "git.enableSmartCommit": true,
  "git.autofetch": true,
  "[html]": {
    "editor.defaultFormatter": "vscode.html-language-features"
  }
}

